Slope;Y-intercept
-1.2071862086903868;3.6592688220304543